Workbook

Sheet Instrucciones
A1: PRUEBA COMPETENCIAL 1 · Números reales — Calificación por criterios
A2: Matemáticas I · 1.º Bachillerato CIE ·
A4: Cómo usar la hoja
A5: 1. En la hoja «Notas», escribe los nombres del alumnado y la puntuación obtenida en cada apartado (celdas amarillas).
A6: Cada celda solo admite valores entre 0 y la puntuación máxima del apartado (fila «Máx.»).
A7: 2. Si un alumno deja un apartado sin hacer, pon 0. Si no se presenta, deja la fila entera en blanco.
A8: 3. En las columnas 9.1 y 9.2 escribe la valoración (0-10) de la reflexión final. No cuenta en la nota de la prueba.
A9: 4. La nota total (sobre 10) y la nota de cada criterio (sobre 10) se calculan solas.
A10: 5. La fila «Ejemplo» muestra el formato esperado: bórrala o sobrescríbela antes de usar la hoja.
A12: Cómo se calcula la nota de cada criterio
A13: Nota del criterio = (puntos obtenidos en los apartados asociados ÷ puntos máximos de esos apartados) × 10.
A14: Si un apartado está asociado a varios criterios, su puntuación cuenta para todos ellos.
... A20: Rojo: < 5 (Insuficiente) · Amarillo: 5 a < 7 (Suficiente/Bien) · Verde claro: 7 a < 9 (Notable) · Verde: ≥ 9 (Sobresaliente)

Sheet Notas
A1: Prueba competencial 1 · Números reales y lenguaje matemático — Matemáticas I · 1.º Bach. CIE
A2: Grupo: | F2: Fecha:
A4: Nº | B4: Alumno/a | C4: Ej. 1 · Intervalos y valor absoluto | F4: Ej. 2 · Errores | I4: Ej. 3 · Potencias y radicales | M4: Ej. 4 · Notación científica | P4: Ej. 5 · Logaritmos | T4: Ej. 6 · Richter | U4: NOTA PRUEBA | V4: NOTA POR CRITERIO (sobre 10)
C5: 1a | D5: 1b | E5: 1c | F5: 2a | G5: 2b | H5: 2c | I5: 3a | J5: 3b | K5: 3c | L5: 3d | M5: 4a | N5: 4b | O5: 4c | P5: 5a | Q5: 5b | R5: 5c | S5: 5d | T5: 6 | V5: 1.1 | W5: 1.2 | X5: 2.1 | Y5: 3.1 | Z5: 4.1 | AA5: 5.1 | AB5: 6.1 | AC5: 9.1 | AD5: 9.2
B6: Máx. | C6: ='Configuración'!C5 -> 0.5 | D6: ='Configuración'!D5 -> 0.75 | E6: ='Configuración'!E5 -> 0.75 | F6: ='Configuración'!F5 -> 0.5 | G6: ='Configuración'!G5 -> 0.5 | H6: ='Configuración'!H5 -> 0.5 | I6: ='Configuración'!I5 -> 0.5 | J6: ='Configuración'!J5 -> 0.5 | ... T6: ='Configuración'!T5 -> 1 | U6: =SUM(C6:T6) -> 10 | V6: 10 | W6: 10 | X6: 10 | Y6: 10 | Z6: 10 | AA6: 10 | AB6: 10 | AC6: 10 | AD6: 10
A7: Ej. | B7: Ejemplo (borrar) | C7: 0.5 | D7: 0.5 | E7: 0.5 | F7: 0.5 | G7: 0.5 | H7: 0.25 | I7: 0.5 | J7: 0.5 | K7: 0.25 | L7: 0 | M7: 0.5 | N7: 0.5 | O7: 0.25 | P7: 0.5 | Q7: 0.5 | R7: 0.25 | S7: 0.5 | T7: 0.5 | U7: =IF(COUNT(C7:T7)=0,"",SUM(C7:T7)) -> 7.5 | V7: =IF(COUNT(C7:T7)=0,"",IFERROR(SUMPRODUCT(C7:T7,'Configuración'!$C$6:$T$6)/'Configuración'!$U$6*10,"")) | W7: =IF(COUNT(C7:T7)=0,"",IFERROR(SUMPRODUCT(C7:T7,'Configuración'!$C$7:$T$7)/'Configuración'!$U$7*10,"")) | X7: =IF(COUNT(C7:T7)=0,"",IFERROR(SUMPRODUCT(C7:T7,'Configuración'!$C$8:$T$8)/'Configuración'!$U$8*10,"")) | Y7: =IF(COUNT(C7:T7)=0,"",IFERROR(SUMPRODUCT(C7:T7,'Configuración'!$C$9:$T$9)/'Configuración'!$U$9*10,"")) | Z7: =IF(COUNT(C7:T7)=0,"",IFERROR(SUMPRODUCT(C7:T7,'Configuración'!$C$10:$T$10)/'Configuración'!$U$10*10,"")) | AA7: =IF(COUNT(C7:T7)=0,"",IFERROR(SUMPRODUCT(C7:T7,'Configuración'!$C$11:$T$11)/'Configuración'!$U$11*10,"")) | AB7: =IF(COUNT(C7:T7)=0,"",IFERROR(SUMPRODUCT(C7:T7,'Configuración'!$C$12:$T$12)/'Configuración'!$U$12*10,"")) | AC7: 7 | AD7: 6
A23: 16 | U23: =IF(COUNT(C23:T23)=0,"",SUM(C23:T23)) | V23: =IF(COUNT(C23:T23)=0,"",IFERROR(SUMPRODUCT(C23:T23,'Configuración'!$C$6:$T$6)/'Configuración'!$U$6*10,"")) | W23: =IF(COUNT(C23:T23)=0,"",IFERROR(SUMPRODUCT(C23:T23,'Configuración'!$C$7:$T$7)/'Configuración'!$U$7*10,"")) | X23: =IF(COUNT(C23:T23)=0,"",IFERROR(SUMPRODUCT(C23:T23,'Configuración'!$C$8:$T$8)/'Configuración'!$U$8*10,"")) | Y23: =IF(COUNT(C23:T23)=0,"",IFERROR(SUMPRODUCT(C23:T23,'Configuración'!$C$9:$T$9)/'Configuración'!$U$9*10,"")) | Z23: =IF(COUNT(C23:T23)=0,"",IFERROR(SUMPRODUCT(C23:T23,'Configuración'!$C$10:$T$10)/'Configuración'!$U$10*10,"")) | AA23: =IF(COUNT(C23:T23)=0,"",IFERROR(SUMPRODUCT(C23:T23,'Configuración'!$C$11:$T$11)/'Configuración'!$U$11*10,"")) | AB23: =IF(COUNT(C23:T23)=0,"",IFERROR(SUMPRODUCT(C23:T23,'Configuración'!$C$12:$T$12)/'Configuración'!$U$12*10,""))
A24: 17 | U24: =IF(COUNT(C24:T24)=0,"",SUM(C24:T24)) | V24: =IF(COUNT(C24:T24)=0,"",IFERROR(SUMPRODUCT(C24:T24,'Configuración'!$C$6:$T$6)/'Configuración'!$U$6*10,"")) | W24: =IF(COUNT(C24:T24)=0,"",IFERROR(SUMPRODUCT(C24:T24,'Configuración'!$C$7:$T$7)/'Configuración'!$U$7*10,"")) | X24: =IF(COUNT(C24:T24)=0,"",IFERROR(SUMPRODUCT(C24:T24,'Configuración'!$C$8:$T$8)/'Configuración'!$U$8*10,"")) | Y24: =IF(COUNT(C24:T24)=0,"",IFERROR(SUMPRODUCT(C24:T24,'Configuración'!$C$9:$T$9)/'Configuración'!$U$9*10,"")) | Z24: =IF(COUNT(C24:T24)=0,"",IFERROR(SUMPRODUCT(C24:T24,'Configuración'!$C$10:$T$10)/'Configuración'!$U$10*10,"")) | AA24: =IF(COUNT(C24:T24)=0,"",IFERROR(SUMPRODUCT(C24:T24,'Configuración'!$C$11:$T$11)/'Configuración'!$U$11*10,"")) | AB24: =IF(COUNT(C24:T24)=0,"",IFERROR(SUMPRODUCT(C24:T24,'Configuración'!$C$12:$T$12)/'Configuración'!$U$12*10,""))
A25: 18 | U25: =IF(COUNT(C25:T25)=0,"",SUM(C25:T25)) | V25: =IF(COUNT(C25:T25)=0,"",IFERROR(SUMPRODUCT(C25:T25,'Configuración'!$C$6:$T$6)/'Configuración'!$U$6*10,"")) | W25: =IF(COUNT(C25:T25)=0,"",IFERROR(SUMPRODUCT(C25:T25,'Configuración'!$C$7:$T$7)/'Configuración'!$U$7*10,"")) | X25: =IF(COUNT(C25:T25)=0,"",IFERROR(SUMPRODUCT(C25:T25,'Configuración'!$C$8:$T$8)/'Configuración'!$U$8*10,"")) | Y25: =IF(COUNT(C25:T25)=0,"",IFERROR(SUMPRODUCT(C25:T25,'Configuración'!$C$9:$T$9)/'Configuración'!$U$9*10,"")) | Z25: =IF(COUNT(C25:T25)=0,"",IFERROR(SUMPRODUCT(C25:T25,'Configuración'!$C$10:$T$10)/'Configuración'!$U$10*10,"")) | AA25: =IF(COUNT(C25:T25)=0,"",IFERROR(SUMPRODUCT(C25:T25,'Configuración'!$C$11:$T$11)/'Configuración'!$U$11*10,"")) | AB25: =IF(COUNT(C25:T25)=0,"",IFERROR(SUMPRODUCT(C25:T25,'Configuración'!$C$12:$T$12)/'Configuración'!$U$12*10,""))
A26: 19 | U26: =IF(COUNT(C26:T26)=0,"",SUM(C26:T26)) | V26: =IF(COUNT(C26:T26)=0,"",IFERROR(SUMPRODUCT(C26:T26,'Configuración'!$C$6:$T$6)/'Configuración'!$U$6*10,"")) | W26: =IF(COUNT(C26:T26)=0,"",IFERROR(SUMPRODUCT(C26:T26,'Configuración'!$C$7:$T$7)/'Configuración'!$U$7*10,"")) | X26: =IF(COUNT(C26:T26)=0,"",IFERROR(SUMPRODUCT(C26:T26,'Configuración'!$C$8:$T$8)/'Configuración'!$U$8*10,"")) | Y26: =IF(COUNT(C26:T26)=0,"",IFERROR(SUMPRODUCT(C26:T26,'Configuración'!$C$9:$T$9)/'Configuración'!$U$9*10,"")) | Z26: =IF(COUNT(C26:T26)=0,"",IFERROR(SUMPRODUCT(C26:T26,'Configuración'!$C$10:$T$10)/'Configuración'!$U$10*10,"")) | AA26: =IF(COUNT(C26:T26)=0,"",IFERROR(SUMPRODUCT(C26:T26,'Configuración'!$C$11:$T$11)/'Configuración'!$U$11*10,"")) | AB26: =IF(COUNT(C26:T26)=0,"",IFERROR(SUMPRODUCT(C26:T26,'Configuración'!$C$12:$T$12)/'Configuración'!$U$12*10,""))
A27: 20 | U27: =IF(COUNT(C27:T27)=0,"",SUM(C27:T27)) | V27: =IF(COUNT(C27:T27)=0,"",IFERROR(SUMPRODUCT(C27:T27,'Configuración'!$C$6:$T$6)/'Configuración'!$U$6*10,"")) | W27: =IF(COUNT(C27:T27)=0,"",IFERROR(SUMPRODUCT(C27:T27,'Configuración'!$C$7:$T$7)/'Configuración'!$U$7*10,"")) | X27: =IF(COUNT(C27:T27)=0,"",IFERROR(SUMPRODUCT(C27:T27,'Configuración'!$C$8:$T$8)/'Configuración'!$U$8*10,"")) | Y27: =IF(COUNT(C27:T27)=0,"",IFERROR(SUMPRODUCT(C27:T27,'Configuración'!$C$9:$T$9)/'Configuración'!$U$9*10,"")) | Z27: =IF(COUNT(C27:T27)=0,"",IFERROR(SUMPRODUCT(C27:T27,'Configuración'!$C$10:$T$10)/'Configuración'!$U$10*10,"")) | AA27: =IF(COUNT(C27:T27)=0,"",IFERROR(SUMPRODUCT(C27:T27,'Configuración'!$C$11:$T$11)/'Configuración'!$U$11*10,"")) | AB27: =IF(COUNT(C27:T27)=0,"",IFERROR(SUMPRODUCT(C27:T27,'Configuración'!$C$12:$T$12)/'Configuración'!$U$12*10,""))
A28: 21 | U28: =IF(COUNT(C28:T28)=0,"",SUM(C28:T28)) | V28: =IF(COUNT(C28:T28)=0,"",IFERROR(SUMPRODUCT(C28:T28,'Configuración'!$C$6:$T$6)/'Configuración'!$U$6*10,"")) | W28: =IF(COUNT(C28:T28)=0,"",IFERROR(SUMPRODUCT(C28:T28,'Configuración'!$C$7:$T$7)/'Configuración'!$U$7*10,"")) | X28: =IF(COUNT(C28:T28)=0,"",IFERROR(SUMPRODUCT(C28:T28,'Configuración'!$C$8:$T$8)/'Configuración'!$U$8*10,"")) | Y28: =IF(COUNT(C28:T28)=0,"",IFERROR(SUMPRODUCT(C28:T28,'Configuración'!$C$9:$T$9)/'Configuración'!$U$9*10,"")) | Z28: =IF(COUNT(C28:T28)=0,"",IFERROR(SUMPRODUCT(C28:T28,'Configuración'!$C$10:$T$10)/'Configuración'!$U$10*10,"")) | AA28: =IF(COUNT(C28:T28)=0,"",IFERROR(SUMPRODUCT(C28:T28,'Configuración'!$C$11:$T$11)/'Configuración'!$U$11*10,"")) | AB28: =IF(COUNT(C28:T28)=0,"",IFERROR(SUMPRODUCT(C28:T28,'Configuración'!$C$12:$T$12)/'Configuración'!$U$12*10,""))
A29: 22 | U29: =IF(COUNT(C29:T29)=0,"",SUM(C29:T29)) | V29: =IF(COUNT(C29:T29)=0,"",IFERROR(SUMPRODUCT(C29:T29,'Configuración'!$C$6:$T$6)/'Configuración'!$U$6*10,"")) | W29: =IF(COUNT(C29:T29)=0,"",IFERROR(SUMPRODUCT(C29:T29,'Configuración'!$C$7:$T$7)/'Configuración'!$U$7*10,"")) | X29: =IF(COUNT(C29:T29)=0,"",IFERROR(SUMPRODUCT(C29:T29,'Configuración'!$C$8:$T$8)/'Configuración'!$U$8*10,"")) | Y29: =IF(COUNT(C29:T29)=0,"",IFERROR(SUMPRODUCT(C29:T29,'Configuración'!$C$9:$T$9)/'Configuración'!$U$9*10,"")) | Z29: =IF(COUNT(C29:T29)=0,"",IFERROR(SUMPRODUCT(C29:T29,'Configuración'!$C$10:$T$10)/'Configuración'!$U$10*10,"")) | AA29: =IF(COUNT(C29:T29)=0,"",IFERROR(SUMPRODUCT(C29:T29,'Configuración'!$C$11:$T$11)/'Configuración'!$U$11*10,"")) | AB29: =IF(COUNT(C29:T29)=0,"",IFERROR(SUMPRODUCT(C29:T29,'Configuración'!$C$12:$T$12)/'Configuración'!$U$12*10,""))
A30: 23 | U30: =IF(COUNT(C30:T30)=0,"",SUM(C30:T30)) | V30: =IF(COUNT(C30:T30)=0,"",IFERROR(SUMPRODUCT(C30:T30,'Configuración'!$C$6:$T$6)/'Configuración'!$U$6*10,"")) | W30: =IF(COUNT(C30:T30)=0,"",IFERROR(SUMPRODUCT(C30:T30,'Configuración'!$C$7:$T$7)/'Configuración'!$U$7*10,"")) | X30: =IF(COUNT(C30:T30)=0,"",IFERROR(SUMPRODUCT(C30:T30,'Configuración'!$C$8:$T$8)/'Configuración'!$U$8*10,"")) | Y30: =IF(COUNT(C30:T30)=0,"",IFERROR(SUMPRODUCT(C30:T30,'Configuración'!$C$9:$T$9)/'Configuración'!$U$9*10,"")) | Z30: =IF(COUNT(C30:T30)=0,"",IFERROR(SUMPRODUCT(C30:T30,'Configuración'!$C$10:$T$10)/'Configuración'!$U$10*10,"")) | AA30: =IF(COUNT(C30:T30)=0,"",IFERROR(SUMPRODUCT(C30:T30,'Configuración'!$C$11:$T$11)/'Configuración'!$U$11*10,"")) | AB30: =IF(COUNT(C30:T30)=0,"",IFERROR(SUMPRODUCT(C30:T30,'Configuración'!$C$12:$T$12)/'Configuración'!$U$12*10,""))
A31: 24 | U31: =IF(COUNT(C31:T31)=0,"",SUM(C31:T31)) | V31: =IF(COUNT(C31:T31)=0,"",IFERROR(SUMPRODUCT(C31:T31,'Configuración'!$C$6:$T$6)/'Configuración'!$U$6*10,"")) | W31: =IF(COUNT(C31:T31)=0,"",IFERROR(SUMPRODUCT(C31:T31,'Configuración'!$C$7:$T$7)/'Configuración'!$U$7*10,"")) | X31: =IF(COUNT(C31:T31)=0,"",IFERROR(SUMPRODUCT(C31:T31,'Configuración'!$C$8:$T$8)/'Configuración'!$U$8*10,"")) | Y31: =IF(COUNT(C31:T31)=0,"",IFERROR(SUMPRODUCT(C31:T31,'Configuración'!$C$9:$T$9)/'Configuración'!$U$9*10,"")) | Z31: =IF(COUNT(C31:T31)=0,"",IFERROR(SUMPRODUCT(C31:T31,'Configuración'!$C$10:$T$10)/'Configuración'!$U$10*10,"")) | AA31: =IF(COUNT(C31:T31)=0,"",IFERROR(SUMPRODUCT(C31:T31,'Configuración'!$C$11:$T$11)/'Configuración'!$U$11*10,"")) | AB31: =IF(COUNT(C31:T31)=0,"",IFERROR(SUMPRODUCT(C31:T31,'Configuración'!$C$12:$T$12)/'Configuración'!$U$12*10,""))
A32: 25 | U32: =IF(COUNT(C32:T32)=0,"",SUM(C32:T32)) | V32: =IF(COUNT(C32:T32)=0,"",IFERROR(SUMPRODUCT(C32:T32,'Configuración'!$C$6:$T$6)/'Configuración'!$U$6*10,"")) | W32: =IF(COUNT(C32:T32)=0,"",IFERROR(SUMPRODUCT(C32:T32,'Configuración'!$C$7:$T$7)/'Configuración'!$U$7*10,"")) | X32: =IF(COUNT(C32:T32)=0,"",IFERROR(SUMPRODUCT(C32:T32,'Configuración'!$C$8:$T$8)/'Configuración'!$U$8*10,"")) | Y32: =IF(COUNT(C32:T32)=0,"",IFERROR(SUMPRODUCT(C32:T32,'Configuración'!$C$9:$T$9)/'Configuración'!$U$9*10,"")) | Z32: =IF(COUNT(C32:T32)=0,"",IFERROR(SUMPRODUCT(C32:T32,'Configuración'!$C$10:$T$10)/'Configuración'!$U$10*10,"")) | AA32: =IF(COUNT(C32:T32)=0,"",IFERROR(SUMPRODUCT(C32:T32,'Configuración'!$C$11:$T$11)/'Configuración'!$U$11*10,"")) | AB32: =IF(COUNT(C32:T32)=0,"",IFERROR(SUMPRODUCT(C32:T32,'Configuración'!$C$12:$T$12)/'Configuración'!$U$12*10,""))
A33: 26 | U33: =IF(COUNT(C33:T33)=0,"",SUM(C33:T33)) | V33: =IF(COUNT(C33:T33)=0,"",IFERROR(SUMPRODUCT(C33:T33,'Configuración'!$C$6:$T$6)/'Configuración'!$U$6*10,"")) | W33: =IF(COUNT(C33:T33)=0,"",IFERROR(SUMPRODUCT(C33:T33,'Configuración'!$C$7:$T$7)/'Configuración'!$U$7*10,"")) | X33: =IF(COUNT(C33:T33)=0,"",IFERROR(SUMPRODUCT(C33:T33,'Configuración'!$C$8:$T$8)/'Configuración'!$U$8*10,"")) | Y33: =IF(COUNT(C33:T33)=0,"",IFERROR(SUMPRODUCT(C33:T33,'Configuración'!$C$9:$T$9)/'Configuración'!$U$9*10,"")) | Z33: =IF(COUNT(C33:T33)=0,"",IFERROR(SUMPRODUCT(C33:T33,'Configuración'!$C$10:$T$10)/'Configuración'!$U$10*10,"")) | AA33: =IF(COUNT(C33:T33)=0,"",IFERROR(SUMPRODUCT(C33:T33,'Configuración'!$C$11:$T$11)/'Configuración'!$U$11*10,"")) | AB33: =IF(COUNT(C33:T33)=0,"",IFERROR(SUMPRODUCT(C33:T33,'Configuración'!$C$12:$T$12)/'Configuración'!$U$12*10,""))
A34: 27 | U34: =IF(COUNT(C34:T34)=0,"",SUM(C34:T34)) | V34: =IF(COUNT(C34:T34)=0,"",IFERROR(SUMPRODUCT(C34:T34,'Configuración'!$C$6:$T$6)/'Configuración'!$U$6*10,"")) | W34: =IF(COUNT(C34:T34)=0,"",IFERROR(SUMPRODUCT(C34:T34,'Configuración'!$C$7:$T$7)/'Configuración'!$U$7*10,"")) | X34: =IF(COUNT(C34:T34)=0,"",IFERROR(SUMPRODUCT(C34:T34,'Configuración'!$C$8:$T$8)/'Configuración'!$U$8*10,"")) | Y34: =IF(COUNT(C34:T34)=0,"",IFERROR(SUMPRODUCT(C34:T34,'Configuración'!$C$9:$T$9)/'Configuración'!$U$9*10,"")) | Z34: =IF(COUNT(C34:T34)=0,"",IFERROR(SUMPRODUCT(C34:T34,'Configuración'!$C$10:$T$10)/'Configuración'!$U$10*10,"")) | AA34: =IF(COUNT(C34:T34)=0,"",IFERROR(SUMPRODUCT(C34:T34,'Configuración'!$C$11:$T$11)/'Configuración'!$U$11*10,"")) | AB34: =IF(COUNT(C34:T34)=0,"",IFERROR(SUMPRODUCT(C34:T34,'Configuración'!$C$12:$T$12)/'Configuración'!$U$12*10,""))
... A42: 35 | U42: =IF(COUNT(C42:T42)=0,"",SUM(C42:T42)) | V42: =IF(COUNT(C42:T42)=0,"",IFERROR(SUMPRODUCT(C42:T42,'Configuración'!$C$6:$T$6)/'Configuración'!$U$6*10,"")) | W42: =IF(COUNT(C42:T42)=0,"",IFERROR(SUMPRODUCT(C42:T42,'Configuración'!$C$7:$T$7)/'Configuración'!$U$7*10,"")) | X42: =IF(COUNT(C42:T42)=0,"",IFERROR(SUMPRODUCT(C42:T42,'Configuración'!$C$8:$T$8)/'Configuración'!$U$8*10,"")) | Y42: =IF(COUNT(C42:T42)=0,"",IFERROR(SUMPRODUCT(C42:T42,'Configuración'!$C$9:$T$9)/'Configuración'!$U$9*10,"")) | Z42: =IF(COUNT(C42:T42)=0,"",IFERROR(SUMPRODUCT(C42:T42,'Configuración'!$C$10:$T$10)/'Configuración'!$U$10*10,"")) | AA42: =IF(COUNT(C42:T42)=0,"",IFERROR(SUMPRODUCT(C42:T42,'Configuración'!$C$11:$T$11)/'Configuración'!$U$11*10,"")) | AB42: =IF(COUNT(C42:T42)=0,"",IFERROR(SUMPRODUCT(C42:T42,'Configuración'!$C$12:$T$12)/'Configuración'!$U$12*10,""))
B43: Estadística del grupo (sin la fila de ejemplo)
B44: Media | U44: =IF(COUNT(U8:U42)=0,"",AVERAGE(U8:U42)) | V44: =IF(COUNT(V8:V42)=0,"",AVERAGE(V8:V42)) | W44: =IF(COUNT(W8:W42)=0,"",AVERAGE(W8:W42)) | X44: =IF(COUNT(X8:X42)=0,"",AVERAGE(X8:X42)) | Y44: =IF(COUNT(Y8:Y42)=0,"",AVERAGE(Y8:Y42)) | Z44: =IF(COUNT(Z8:Z42)=0,"",AVERAGE(Z8:Z42)) | AA44: =IF(COUNT(AA8:AA42)=0,"",AVERAGE(AA8:AA42)) | AB44: =IF(COUNT(AB8:AB42)=0,"",AVERAGE(AB8:AB42)) | ... AD44: =IF(COUNT(AD8:AD42)=0,"",AVERAGE(AD8:AD42))
B45: Máximo | U45: =IF(COUNT(U8:U42)=0,"",MAX(U8:U42)) | V45: =IF(COUNT(V8:V42)=0,"",MAX(V8:V42)) | W45: =IF(COUNT(W8:W42)=0,"",MAX(W8:W42)) | X45: =IF(COUNT(X8:X42)=0,"",MAX(X8:X42)) | Y45: =IF(COUNT(Y8:Y42)=0,"",MAX(Y8:Y42)) | Z45: =IF(COUNT(Z8:Z42)=0,"",MAX(Z8:Z42)) | AA45: =IF(COUNT(AA8:AA42)=0,"",MAX(AA8:AA42)) | AB45: =IF(COUNT(AB8:AB42)=0,"",MAX(AB8:AB42)) | ... AD45: =IF(COUNT(AD8:AD42)=0,"",MAX(AD8:AD42))
B46: Mínimo | U46: =IF(COUNT(U8:U42)=0,"",MIN(U8:U42)) | V46: =IF(COUNT(V8:V42)=0,"",MIN(V8:V42)) | W46: =IF(COUNT(W8:W42)=0,"",MIN(W8:W42)) | X46: =IF(COUNT(X8:X42)=0,"",MIN(X8:X42)) | Y46: =IF(COUNT(Y8:Y42)=0,"",MIN(Y8:Y42)) | Z46: =IF(COUNT(Z8:Z42)=0,"",MIN(Z8:Z42)) | AA46: =IF(COUNT(AA8:AA42)=0,"",MIN(AA8:AA42)) | AB46: =IF(COUNT(AB8:AB42)=0,"",MIN(AB8:AB42)) | ... AD46: =IF(COUNT(AD8:AD42)=0,"",MIN(AD8:AD42))
B47: % ≥ 5 | U47: =IF(COUNT(U8:U42)=0,"",COUNTIF(U8:U42,">=5")/COUNT(U8:U42)) | V47: =IF(COUNT(V8:V42)=0,"",COUNTIF(V8:V42,">=5")/COUNT(V8:V42)) | W47: =IF(COUNT(W8:W42)=0,"",COUNTIF(W8:W42,">=5")/COUNT(W8:W42)) | X47: =IF(COUNT(X8:X42)=0,"",COUNTIF(X8:X42,">=5")/COUNT(X8:X42)) | Y47: =IF(COUNT(Y8:Y42)=0,"",COUNTIF(Y8:Y42,">=5")/COUNT(Y8:Y42)) | Z47: =IF(COUNT(Z8:Z42)=0,"",COUNTIF(Z8:Z42,">=5")/COUNT(Z8:Z42)) | AA47: =IF(COUNT(AA8:AA42)=0,"",COUNTIF(AA8:AA42,">=5")/COUNT(AA8:AA42)) | AB47: =IF(COUNT(AB8:AB42)=0,"",COUNTIF(AB8:AB42,">=5")/COUNT(AB8:AB42)) | ... AD47: =IF(COUNT(AD8:AD42)=0,"",COUNTIF(AD8:AD42,">=5")/COUNT(AD8:AD42))

Sheet Configuración
A1: Asignación de apartados a criterios de evaluación
A2: Celdas amarillas editables: 1 = el apartado evalúa el criterio; 0 = no. Puntuaciones máximas tomadas de la prueba.
A4: Criterio | B4: Descriptor | C4: 1a | D4: 1b | E4: 1c | F4: 2a | G4: 2b | H4: 2c | I4: 3a | J4: 3b | K4: 3c | L4: 3d | M4: 4a | N4: 4b | O4: 4c | P4: 5a | Q4: 5b | R4: 5c | S4: 5d | T4: 6 | U4: Puntos máx. del criterio
B5: Puntuación máxima del apartado | C5: 0.5 | D5: 0.75 | E5: 0.75 | F5: 0.5 | G5: 0.5 | H5: 0.5 | I5: 0.5 | J5: 0.5 | K5: 0.5 | L5: 0.5 | M5: 0.5 | N5: 0.5 | O5: 0.5 | P5: 0.5 | Q5: 0.5 | R5: 0.25 | S5: 0.75 | T5: 1 | U5: =SUM(C5:T5) -> 10
A6: 1.1 | B6: Seleccionar y emplear estrategias y herramientas para modelizar y resolver problemas.
A7: 1.2 | B7: Obtener las soluciones describiendo el procedimiento seguido.
A8: 2.1 | B8: Comprobar la validez matemática de las soluciones mediante razonamiento y argumentación.
A9: 3.1 | B9: Formular e investigar conjeturas de forma guiada.
A10: 4.1 | B10: Descomponer problemas y aplicar procedimientos de cálculo de forma eficaz.
A11: 5.1 | B11: Conectar ideas matemáticas para profundizar en conceptos y procedimientos.
A12: 6.1 | B12: Relacionar las matemáticas con la ciencia y la vida real, contrastando información.
A14: 9.1 y 9.2 no se calculan desde la prueba: se valoran directamente (0-10) a partir de la reflexión final en la hoja «Notas».
